"","term3","Freq"
"1829","pool",347
"2043","room",285
"1167","hotel",239
"1632","november",196
"639","december",185
"2634","view",168
"1647","october",165
"2304","stayed",158
"86","amazing",140
"2282","staff",139
"1070","great",130
"426","check",109
"1237","infinity",108
"2123","september",86
"2303","stay",77
"2127","service",74
"1405","location",70
"2638","views",68
"321","breakfast",67
"986","food",65
"887","expensive",59
"2384","swimming",55
"977","floor",54
"2044","rooms",54
"1872","price",53
"248","bed",52
"1834","poolstayed",52
"457","city",51
"1671","only",51
"2185","singapore",51
"371","can",50
"1604","night",50
"234","bay",48
"1011","friendly",48
"1307","just",48
"1601","nice",48
"1759","people",44
"2473","time",43
"2699","well",43
"13","access",38
"267","best",38
"509","comfortable",38
"2008","restaurants",38
"137","area",37
"228","bathroom",37
"486","club",37
"925","facilities",37
"277","big",36
"609","crowded",36
"865","excellent",36
"1467","marina",36
"1795","place",36
"2431","th",36
"938","fantastic",35
"1029","gardens",35
"895","experience",33
"2494","top",33
"242","beautiful",32
"464","clean",32
"1410","long",31
"1764","perfect",31
"1140","high",30
"2753","worth",30
"751","drinks",29
"2720","will",29
"287","bit",28
"1127","helpful",28
"909","extra",27
"1293","january",27
"2154","shopping",26
"1007","free",25
"635","day",24
"682","didn",24
"833","especially",24
"2102","see",24
"653","definitely",23
"1457","mall",23
"2040","roof",23
"2041","rooftop",23
"773","easy",22
"1394","little",22
"2294","star",22
"195","awesome",21
"1183","huge",21
"2677","water",21
"355","busy",20
"1427","lovely",20
"2069","sands",20
"2682","way",20
"201","back",19
"1135","here",19
"1220","included",19
"1445","made",19
"1544","money",19
"213","bar",18
"300","booked",18
"1756","pay",18
"2254","spacious",18
"2306","staying",18
"2491","took",18
"84","am",17
"261","being",17
"301","booking",17
"1338","large",17
"1426","loved",17
"1922","quality",17
"2007","restaurant",17
"2199","size",17
"813","enjoy",16
"885","expected",16
"1028","garden",16
"1168","hotels",16
"1401","lobby",16
"1733","paid",16
"2219","small",16
"2265","spectacular",16
"9","absolutely",15
"90","amazingstayed",15
"252","beds",15
"965","find",15
"1002","found",15
"1084","guests",15
"1227","incredible",15
"1425","love",15
"1483","mbs",15
"1590","need",15
"1875","prices",15
"1969","reception",15
"2047","roomstayed",15
"2162","shower",15
"2640","viewstayed",15
"2643","visit",15
"430","checkout",14
"912","extremely",14
"952","feel",14
"1170","hotelstayed",14
"1406","locationstayed",14
"1422","lounge",14
"1665","once",14
"1837","poor",14
"2351","suite",14
"2363","super",14
"2617","ve",14
"2653","waiting",14
"62","airport",13
"480","close",13
"642","deck",13
"856","everythingstayed",13
"940","far",13
"1049","given",13
"1362","level",13
"1973","recommend",13
"2203","sky",13
"401","centre",12
"429","checking",12
"506","come",12
"576","cost",12
"936","family",12
"1353","left",12
"1527","minutes",12
"1677","open",12
"2339","stunning",12
"2412","tea",12
"2509","tower",12
"2587","upgrade",12
"2588","upgraded",12
"208","balcony",11
"343","building",11
"413","charge",11
"497","coffee",11
"587","course",11
"1010","fridge",11
"1083","guest",11
"1159","honeymoon",11
"1350","least",11
"1371","lifts",11
"1437","luxury",11
"2156","shops",11
"2283","staffs",11
"2290","standard",11
"2672","wasn",11
"2737","wonderful",11
"2747","world",11
"3","able",10
"427","checked",10
"463","class",10
"636","days",10
"730","don",10
"815","enjoyed",10
"957","felt",10
"1055","going",10
"1106","hard",10
"1317","kids",10
"1318","kind",10
"1379","liked",10
"1455","making",10
"1819","pm",10
"1928","queue",10
"2217","slow",10
"2284","staffstayed",10
"2338","stuff",10
"2487","told",10
"2497","totally",10
"2610","value",10
"2702","went",10
"37","adults",9
"155","asked",9
"299","book",9
"302","bookingcom",9
"390","casino",9
"500","cold",9
"762","due",9
"769","early",9
"1344","late",9
"1584","nearby",9
"1617","noisy",9
"1713","outstanding",9
"1757","paying",9
"1868","pretty",9
"1878","pricey",9
"2129","services",9
"2131","servicestayed",9
"2172","side",9
"2301","station",9
"2316","still",9
"2475","times",9
"2651","wait",9
"2714","who",9
"2715","whole",9
"203","bad",8
"278","bigger",8
"326","breathtaking",8
"428","checkin",8
"673","desk",8
"846","evening",8
"866","excellentstayed",8
"926","facilitiesstayed",8
"971","first",8
"976","flight",8
"1089","gym",8
"1166","hot",8
"1351","leave",8
"1436","luxurious",8
"1744","park",8
"1771","personal",8
"1947","rate",8
"2076","say",8
"2161","show",8
"2262","special",8
"2398","take",8
"2427","terrible",8
"2508","towels",8
"2656","walk",8
"52","againstayed",7
"95","amenities",7
"149","arrived",7
"224","bath",7
"340","buffet",7
"370","came",7
"449","choices",7
"583","counter",7
"662","deluxe",7
"671","design",7
"692","dining",7
"698","dirty",7
"703","disappointing",7
"875","exclusive",7
"927","facility",7
"928","facing",7
"942","fast",7
"1016","front",7
"1313","key",7
"1330","la",7
"1473","massive",7
"1539","modern",7
"1688","options",7
"1721","overpriced",7
"1822","point",7
"1956","ready",7
"2025","right",7
"2270","spent",7
"2364","superb",7
"2502","tourist",7
"2513","train",7
"2525","trip",7
"2541","tv",7
"2639","viewsstayed",7
"2662","want",7
"48","afternoon",6
"102","amount",6
"148","arrival",6
"178","attractions",6
"218","bars",6
"235","baystayed",6
"283","birthday",6
"331","brilliant",6
"383","card",6
"470","cleanliness",6
"538","complimentary",6
"570","convenient",6
"572","cool",6
"689","difficult",6
"718","distance",6
"733","door",6
"775","eat",6
"812","english",6
"881","expect",6
"959","fi",6
"1008","fresh",6
"1012","friendlystayed",6
"1025","furniture",6
"1037","general",6
"1068","grand",6
"1095","half",6
"1131","helpfulstayed",6
"1285","itstayed",6
"1290","jacuzzi",6
"1370","lift",6
"1373","light",6
"1500","mention",6
"1598","new",6
"1651","offer",6
"1663","old",6
"1719","overcrowded",6
"1720","overlooking",6
"1770","person",6
"1903","property",6
"1962","reason",6
"2133","set",6
"2188","singaporestayed",6
"2211","sleep",6
"2222","smell",6
"2371","sure",6
"2408","tax",6
"2421","temperature",6
"2460","thought",6
"2483","toilet",6
"2663","wanted",6
"2717","wi",6
"31","additional",5
"45","affordable",5
"59","air",5
"71","allowed",5
"133","architecture",5
"138","areas",5
"166","atmosphere",5
"173","attentive",5
"177","attraction",5
"196","awesomestayed",5
"382","car",5
"422","cheap",5
"436","children",5
"447","chocolates",5
"469","cleaning",5
"475","clearly",5
"492","cocktails",5
"513","comfy",5
"535","complex",5
"544","concierge",5
"582","couldn",5
"624","curtains",5
"626","customer",5
"657","delicious",5
"668","deposit",5
"693","dinner",5
"829","equipped",5
"868","exceptional",5
"917","fabulous",5
"954","feels",5
"966","fine",5
"1059","goodstayed",5
"1074","greatstayed",5
"1093","hair",5
"1141","higher",5
"1144","highly",5
"1172","hour",5
"1192","iconic",5
"1252","instayed",5
"1263","internet",5
"1321","king",5
"1343","last",5
"1366","life",5
"1375","lights",5
"1390","list",5
"1395","live",5
"1414","look",5
"1428","low",5
"1449","magnificent",5
"1454","makes",5
"1481","maybe",5
"1520","mini",5
"1526","minute",5
"1543","moment",5
"1562","mrt",5
"1591","needed",5
"1592","needs",5
"1603","nicestayed",5
"1635","number",5
"1640","observation",5
"1660","ok",5
"1746","part",5
"1792","pillows",5
"1797","places",5
"1826","polite",5
"1873","priced",5
"1913","public",5
"1930","queues",5
"2010","restaurantsstayed",5
"2056","rude",5
"2095","seating",5
"2097","second",5
"2194","sit",5
"2207","skypark",5
"2253","space",5
"2257","spago",5
"2268","spend",5
"2276","spot",5
"2295","stars",5
"2373","surprised",5
"2393","table",5
"2455","think",5
"2507","towel",5
"2523","trees",5
"2571","unfriendly",5
"2573","unique",5
"2657","walked",5
"2718","wife",5
"28","actually",4
"109","annoying",4
"139","areastayed",4
"162","astonishing",4
"171","attention",4
"190","average",4
"205","bags",4
"354","business",4
"408","change",4
"415","charged",4
"418","charges",4
"507","comes",4
"516","coming",4
"554","connected",4
"601","crazy",4
"640","decent",4
"679","details",4
"731","dont",4
"737","double",4
"750","drink",4
"781","efficient",4
"793","elevators",4
"803","end",4
"814","enjoyable",4
"863","exceeded",4
"883","expectations",4
"898","experiencestayed",4
"903","express",4
"978","floors",4
"1006","foyer",4
"1018","full",4
"1033","gave",4
"1051","glass",4
"1062","gorgeous",4
"1125","help",4
"1136","herestayed",4
"1143","highlight",4
"1173","hours",4
"1177","housekeeping",4
"1211","impressive",4
"1276","isn",4
"1315","keys",4
"1360","let",4
"1383","limited",4
"1402","local",4
"1411","longer",4
"1415","looked",4
"1419","lost",4
"1488","meant",4
"1493","member",4
"1494","members",4
"1507","metro",4
"1516","milk",4
"1518","mind",4
"1525","mins",4
"1532","missed",4
"1551","morning",4
"1593","negative",4
"1607","nights",4
"1622","normal",4
"1642","obviously",4
"1652","offered",4
"1693","orchid",4
"1778","phenomenal",4
"1783","photos",4
"1784","pick",4
"1787","pictures",4
"1801","planning",4
"1838","popular",4
"1889","process",4
"1892","professional",4
"1920","put",4
"1935","quickly",4
"2005","rest",4
"2028","rise",4
"2107","seen",4
"2110","selfie",4
"2139","sgd",4
"2183","simply",4
"2190","single",4
"2232","soft",4
"2399","taken",4
"2498","touch",4
"2521","treat",4
"2544","twin",4
"2555","uncomfortable",4
"2562","understand",4
"2616","vast",4
"2658","walking",4
"2723","windows",4
"2735","won",4
"2745","working",4
"2749","worldstayed",4
"19","accommodate",3
"30","added",3
"128","appointed",3
"134","architecturestayed",3
"146","arranged",3
"165","ate",3
"192","away",3
"199","baby",3
"202","backstayed",3
"222","basic",3
"231","bathtub",3
"250","bedroom",3
"272","beverage",3
"307","bottle",3
"339","budget",3
"364","cake",3
"366","call",3
"367","called",3
"399","center",3
"514","comfystayed",3
"528","complain",3
"553","confusing",3
"585","couple",3
"637","deal",3
"652","definite",3
"676","destination",3
"684","didnt",3
"725","doesn",3
"744","downstairs",3
"767","earlier",3
"779","edge",3
"780","ef",3
"792","elevator",3
"830","equippedstayed",3
"884","expectationstayed",3
"902","explore",3
"939","fantasticstayed",3
"1013","friends",3
"1017","fruit",3
"1031","gardensstayed",3
"1054","goes",3
"1079","ground",3
"1100","happy",3
"1103","harbor",3
"1126","helped",3
"1139","hidden",3
"1142","highest",3
"1158","honestly",3
"1161","hop",3
"1162","hope",3
"1190","ice",3
"1191","icon",3
"1205","impersonal",3
"1212","improve",3
"1224","including",3
"1229","incrediblestayed",3
"1235","infinite",3
"1259","interior",3
"1261","international",3
"1275","island",3
"1326","know",3
"1345","later",3
"1352","leaving",3
"1368","lifetime",3
"1384","line",3
"1399","ll",3
"1404","located",3
"1431","luggage",3
"1442","machine",3
"1447","magic",3
"1460","mallstayed",3
"1486","meal",3
"1521","minibar",3
"1531","miss",3
"1566","multiple",3
"1608","nightstayed",3
"1616","noise",3
"1618","non",3
"1624","notch",3
"1641","observatory",3
"1694","order",3
"1748","partner",3
"1751","pass",3
"1760","peoplestayed",3
"1766","perfectstayed",3
"1774","personally",3
"1781","photo",3
"1799","plan",3
"1800","planned",3
"1807","pleasant",3
"1813","pleasure",3
"1833","poolside",3
"1846","possible",3
"1852","pre",3
"1876","pricestayed",3
"1880","pricy",3
"1886","problem",3
"1912","proximity",3
"1958","realised",3
"1970","receptionist",3
"1988","relax",3
"1989","relaxing",3
"2002","residents",3
"2016","returned",3
"2023","ridiculous",3
"2034","robes",3
"2060","ruined",3
"2089","sd",3
"2101","security",3
"2103","seeing",3
"2111","selfies",3
"2119","separate",3
"2125","serve",3
"2126","served",3
"2150","shop",3
"2157","short",3
"2215","slippers",3
"2231","sofa",3
"2245","soon",3
"2252","spa",3
"2259","spargo",3
"2261","speak",3
"2314","step",3
"2335","structure",3
"2353","sun",3
"2355","sunbeds",3
"2381","sweet",3
"2382","swim",3
"2401","taking",3
"2407","tasty",3
"2410","taxi",3
"2419","tell",3
"2433","thank",3
"2447","therestayed",3
"2476","timestayed",3
"2477","tiny",3
"2496","total",3
"2510","towers",3
"2517","transport",3
"2533","trying",3
"2535","tub",3
"2546","type",3
"2551","unbeatable",3
"2559","underground",3
"2603","using",3
"2604","usstayed",3
"2614","variety",3
"2629","vi",3
"2645","visiting",3
"2687","wear",3
"2700","wellstayed",3
"2705","wet",3
"2722","window",3
"2743","work",3
"2757","wouldn",3
"2766","year",3
"8","absolute",2
"11","accept",2
"17","accessories",2
"18","accessstayed",2
"20","accommodated",2
"21","accommodating",2
"22","accommodation",2
"23","accomodating",2
"34","adrift",2
"53","age",2
"55","ages",2
"57","agreed",2
"61","airconditioner",2
"66","alcoholic",2
"74","allstayed",2
"87","amazingly",2
"92","ambience",2
"96","amenitiesstayed",2
"107","anniversary",2
"112","answer",2
"129","appreciate",2
"151","art",2
"153","asian",2
"154","ask",2
"156","asking",2
"168","attached",2
"175","attitude",2
"180","attractionstayed",2
"182","august",2
"194","awe",2
"197","awful",2
"209","balconystayed",2
"219","barstayed",2
"227","bathrobes",2
"229","bathrooms",2
"236","baythe",2
"238","bc",2
"273","beverages",2
"276","bidet",2
"279","biggest",2
"308","bottles",2
"312","box",2
"320","break",2
"324","breakfasts",2
"325","breakfaststayed",2
"332","bring",2
"334","broken",2
"337","bucket",2
"344","buildings",2
"345","buildingstayed",2
"352","bus",2
"356","busystayed",2
"358","button",2
"365","cakes",2
"374","canapes",2
"384","cards",2
"387","carpet",2
"388","carry",2
"395","ce",2
"402","certainly",2
"409","changed",2
"412","channels",2
"421","chase",2
"423","cheaper",2
"442","chinese",2
"444","chips",2
"448","choice",2
"452","choose",2
"454","christmas",2
"459","citystayed",2
"473","cleanstayed",2
"484","closes",2
"489","clubstayed",2
"491","cocktail",2
"508","comfort",2
"522","common",2
"523","communicate",2
"530","complaint",2
"537","compliment",2
"550","conference",2
"555","connection",2
"556","consider",2
"558","considered",2
"573","corner",2
"574","correct",2
"577","costly",2
"584","country",2
"588","court",2
"589","courteous",2
"592","cover",2
"602","cream",2
"608","crowd",2
"614","crowdy",2
"615","crowed",2
"618","cultural",2
"622","cups",2
"627","cut",2
"629","cutlery",2
"632","daily",2
"641","decided",2
"645","decor",2
"658","delight",2
"660","delivery",2
"664","demonstration",2
"683","didnat",2
"697","directly",2
"700","disappoint",2
"701","disappointed",2
"705","disclosed",2
"706","discount",2
"728","dollars",2
"739","doubt",2
"757","dropped",2
"760","dryer",2
"774","easystayed",2
"776","eating",2
"794","eleven",2
"821","entertainment",2
"822","entire",2
"824","entry",2
"832","esp",2
"835","essential",2
"843","euro",2
"844","european",2
"847","eventually",2
"873","excited",2
"896","experienced",2
"905","extensive",2
"916","fab",2
"918","fabulousstayed",2
"921","face",2
"930","factor",2
"937","famous",2
"946","fault",2
"948","feature",2
"950","features",2
"955","fees",2
"961","filled",2
"972","fitness",2
"979","floorstayed",2
"987","foods",2
"989","foodstayed",2
"1020","fully",2
"1024","furnishing",2
"1046","gimmicky",2
"1048","give",2
"1050","gives",2
"1061","gordon",2
"1071","greater",2
"1096","hand",2
"1097","handshower",2
"1104","harbour",2
"1115","head",2
"1116","heading",2
"1118","hear",2
"1122","heated",2
"1128","helpfull",2
"1153","hole",2
"1157","honest",2
"1176","housekeeper",2
"1182","hr",2
"1207","important",2
"1230","incredibly",2
"1232","india",2
"1244","inifinity",2
"1248","inn",2
"1257","interesting",2
"1297","job",2
"1299","joining",2
"1309","justify",2
"1314","keycard",2
"1316","kid",2
"1323","kitchen",2
"1329","knowledgeable",2
"1331","lack",2
"1332","lacked",2
"1365","lid",2
"1367","lifestyle",2
"1374","lighting",2
"1386","lines",2
"1388","linked",2
"1391","lit",2
"1397","lives",2
"1407","lock",2
"1408","log",2
"1409","lol",2
"1417","looks",2
"1435","lunch",2
"1440","lying",2
"1462","managed",2
"1463","management",2
"1469","market",2
"1471","mass",2
"1475","match",2
"1476","matches",2
"1480","may",2
"1487","meals",2
"1501","mentioned",2
"1502","menu",2
"1505","messy",2
"1506","met",2
"1512","middle",2
"1558","moved",2
"1576","name",2
"1582","nd",2
"1609","nil",2
"1620","nonestayed",2
"1653","offering",2
"1654","offers",2
"1670","online",2
"1672","onlystayed",2
"1678","opening",2
"1680","opinion",2
"1710","outrageous",2
"1715","outstayed",2
"1726","overwhelming",2
"1738","panoramic",2
"1745","parking",2
"1749","partners",2
"1750","parts",2
"1758","payment",2
"1765","perfection",2
"1769","perks",2
"1780","phone",2
"1790","pillo",2
"1791","pillow",2
"1825","poisoning",2
"1827","politestayed",2
"1828","poll",2
"1844","position",2
"1849","power",2
"1855","preferred",2
"1856","premier",2
"1860","premium",2
"1864","present",2
"1879","pricing",2
"1881","prime",2
"1883","privacy",2
"1901","properly",2
"1904","propertystayed",2
"1932","queuing",2
"1933","quick",2
"1942","raining",2
"1952","rd",2
"1957","real",2
"1976","recommendstayed",2
"1977","recreation",2
"1979","reflect",2
"1980","refresh",2
"1982","refreshments",2
"1984","regret",2
"1991","reluctant",2
"1995","remote",2
"2001","requests",2
"2015","return",2
"2031","road",2
"2035","rocks",2
"2036","rollaway",2
"2067","sand",2
"2071","sat",2
"2075","saw",2
"2090","sea",2
"2092","season",2
"2094","seat",2
"2099","section",2
"2108","selection",2
"2122","seperate",2
"2130","servicesstayed",2
"2142","shade",2
"2149","shirt",2
"2152","shoppes",2
"2163","showers",2
"2166","shows",2
"2176","sight",2
"2177","sightseeing",2
"2182","simple",2
"2192","sink",2
"2197","situated",2
"2200","sized",2
"2205","skyline",2
"2213","slightly",2
"2220","smaller",2
"2224","smelly",2
"2228","snacks",2
"2246","sooooo",2
"2249","sort",2
"2267","speed",2
"2269","spending",2
"2280","spread",2
"2281","st",2
"2287","stained",2
"2293","standing",2
"2296","start",2
"2298","starts",2
"2300","stated",2
"2325","straight",2
"2329","street",2
"2346","suggest",2
"2352","suites",2
"2362","sunset",2
"2367","supermarket",2
"2368","supplied",2
"2387","switch",2
"2395","tag",2
"2400","takes",2
"2403","tall",2
"2405","taste",2
"2409","taxes",2
"2413","team",2
"2426","terrace",2
"2434","thanks",2
"2451","thin",2
"2461","thousands",2
"2469","tidy",2
"2484","toiletries",2
"2495","topped",2
"2500","tour",2
"2504","tourists",2
"2522","treatment",2
"2524","tried",2
"2531","truly",2
"2537","tubstayed",2
"2543","twice",2
"2550","umbrellas",2
"2552","unbelievable",2
"2597","usd",2
"2608","valet",2
"2619","vegas",2
"2631","vibe",2
"2633","vie",2
"2644","visited",2
"2654","waitresses",2
"2661","wanna",2
"2692","wedding",2
"2696","welcome",2
"2697","welcoming",2
"2719","wifi",2
"2725","windy",2
"2726","wine",2
"2728","wish",2
"2741","word",2
"2746","works",2
"2752","worst",2
"2754","worthwhile",2
"2767","yes",2
"2","aa",1
"6","abovestayed",1
"7","abrupt",1
"10","ac",1
"12","acceptable",1
"14","accessability",1
"15","accessibility",1
"16","accessible",1
"24","account",1
"26","activities",1
"27","activity",1
"29","add",1
"32","adds",1
"33","adjusted",1
"35","adriftstayed",1
"36","adult",1
"38","advance",1
"39","advantage",1
"40","advertisement",1
"41","advise",1
"42","advised",1
"43","advising",1
"44","afford",1
"46","afraid",1
"50","agains",1
"54","agent",1
"56","aggravating",1
"58","ahhhh",1
"60","aircon",1
"63","airportall",1
"64","alberca",1
"65","alcohol",1
"67","alfresco",1
"69","alledstayed",1
"70","allow",1
"72","allowing",1
"73","allows",1
"79","alsoher",1
"80","alternatives",1
"81","altho",1
"85","amazed",1
"88","amazingonce",1
"89","amazingplenty",1
"91","ambiance",1
"93","ambiencestayed",1
"94","ambiente",1
"97","amenitiesthe",1
"98","amenity",1
"99","ammenitiesthe",1
"103","amthe",1
"106","angle",1
"108","anniversarystayed",1
"110","anonymous",1
"113","answers",1
"114","ant",1
"115","anthill",1
"116","anticipate",1
"117","ants",1
"121","anythingstayed",1
"122","anyway",1
"125","apparently",1
"127","applicable",1
"130","appreciated",1
"131","approach",1
"132","architect",1
"135","arcitecture",1
"140","aren",1
"141","arguably",1
"142","argument",1
"143","arm",1
"145","arrange",1
"147","arranging",1
"150","arriving",1
"157","asleep",1
"158","assessing",1
"159","assisted",1
"160","association",1
"161","assured",1
"163","astoriastayed",1
"167","atrium",1
"169","attend",1
"170","attendants",1
"172","attentionpool",1
"174","attentiveness",1
"176","attracted",1
"179","attractionsstayed",1
"181","attrmessy",1
"183","australia",1
"184","auto",1
"185","automatic",1
"186","automatically",1
"188","availablestayed",1
"189","avatar",1
"191","avoid",1
"193","awaypay",1
"200","bachelor",1
"204","bag",1
"206","bagsthe",1
"207","bakery",1
"210","bang",1
"211","bankstayed",1
"212","bao",1
"214","bare",1
"215","barely",1
"216","barno",1
"217","barpoolside",1
"220","base",1
"221","based",1
"223","basically",1
"225","bathoom",1
"226","bathrobe",1
"230","bathroomstayed",1
"232","bathtubstayed",1
"233","bauhaus",1
"237","bayview",1
"240","beat",1
"241","beatiful",1
"243","beautifull",1
"244","beautifully",1
"245","beautifulstayed",1
"249","bedding",1
"251","bedrooms",1
"253","bedsstayed",1
"255","beer",1
"258","beforestayed",1
"259","beforet",1
"263","benefit",1
"264","benefits",1
"265","bentos",1
"268","besta",1
"270","betterstayed",1
"275","biday",1
"280","biling",1
"281","bill",1
"282","billed",1
"284","birthdaya",1
"285","birthdaystayed",1
"286","biscuits",1
"288","bite",1
"289","bits",1
"290","black",1
"291","bland",1
"292","blissful",1
"293","blow",1
"294","blowing",1
"295","board",1
"296","bombons",1
"297","bond",1
"298","bonusstayed",1
"303","bookingcomstayed",1
"304","boring",1
"305","botanical",1
"309","botton",1
"310","bought",1
"311","boutique",1
"313","boxbut",1
"314","bracelet",1
"315","brag",1
"316","brand",1
"317","brands",1
"318","brandstaffs",1
"319","bread",1
"322","breakfasta",1
"323","breakfasting",1
"327","breeze",1
"328","bridgestayed",1
"329","briefly",1
"330","bright",1
"333","brings",1
"335","brush",1
"336","bubbly",1
"338","bucketlist",1
"341","bug",1
"342","build",1
"346","built",1
"347","bullet",1
"348","bunk",1
"349","bunny",1
"350","burger",1
"351","burn",1
"353","buses",1
"359","buy",1
"362","cab",1
"363","cable",1
"368","calledstayed",1
"369","calls",1
"372","canap",1
"373","canape",1
"375","cancel",1
"376","candle",1
"378","canopies",1
"380","cap",1
"381","capsule",1
"385","cares",1
"386","carla",1
"389","cash",1
"391","casinostayed",1
"392","casual",1
"393","catering",1
"394","cavalli",1
"396","ceiling",1
"397","celebrationsthe",1
"398","celebrity",1
"400","central",1
"403","chair",1
"404","chairs",1
"405","challenging",1
"406","chance",1
"407","chanels",1
"410","changes",1
"411","channel",1
"414","chargeable",1
"416","chargedthis",1
"417","chargers",1
"419","chargestayed",1
"420","charging",1
"424","cheaperstayed",1
"425","cheched",1
"431","checkoutdrinks",1
"432","chf",1
"433","chicago",1
"434","chick",1
"435","chicken",1
"437","chili",1
"438","chill",1
"439","chillstayed",1
"440","chilly",1
"441","chinatown",1
"443","chineseresidents",1
"445","choclate",1
"446","chocolate",1
"450","choicewell",1
"451","chooks",1
"453","choosing",1
"455","ci",1
"456","cities",1
"458","cityinfinity",1
"460","citythe",1
"461","civil",1
"462","claim",1
"465","cleaned",1
"466","cleanedstayed",1
"467","cleaness",1
"468","cleaniness",1
"471","cleanlinessstaff",1
"472","cleanlinessstayed",1
"474","cleanwe",1
"476","client",1
"477","climate",1
"478","clock",1
"479","clogged",1
"481","closed",1
"482","closedstayed",1
"483","closely",1
"485","cloud",1
"487","clublounge",1
"488","clubroom",1
"490","coca",1
"493","coctails",1
"494","cod",1
"495","code",1
"496","codes",1
"498","coffees",1
"499","cola",1
"501","colder",1
"502","com",1
"503","comb",1
"504","combine",1
"505","combined",1
"510","comfortablestaff",1
"511","comfortablestayed",1
"512","comforts",1
"515","comfythe",1
"517","comment",1
"518","comments",1
"519","commerce",1
"520","commercial",1
"521","commit",1
"524","communication",1
"525","comparatively",1
"526","compare",1
"527","compared",1
"529","complained",1
"531","complaints",1
"532","complementary",1
"533","completed",1
"534","completely",1
"536","complicated",1
"539","compliments",1
"540","compote",1
"541","con",1
"542","concept",1
"543","concerned",1
"545","conciergestayed",1
"546","conditiober",1
"547","conditioner",1
"548","conditioning",1
"549","conditions",1
"551","confortable",1
"552","confused",1
"557","considerate",1
"560","consistent",1
"561","consisting",1
"562","constant",1
"563","constantly",1
"564","consumed",1
"565","contact",1
"566","contain",1
"567","contentious",1
"568","controls",1
"569","convenience",1
"571","convenientstayed",1
"575","cosmetics",1
"578","coststayed",1
"579","cot",1
"580","cotton",1
"586","couples",1
"590","courteousfood",1
"591","courteousstayed",1
"593","covers",1
"594","cozy",1
"595","crammed",1
"596","cramp",1
"597","cramped",1
"598","crap",1
"599","crash",1
"600","crawded",1
"603","create",1
"604","creations",1
"605","credit",1
"606","critical",1
"607","cross",1
"610","crowdedness",1
"611","crowdedstayed",1
"612","crowdedthe",1
"613","crowds",1
"616","cubicle",1
"617","cuisine",1
"619","cultures",1
"620","cumbersom",1
"621","cup",1
"623","cupsit",1
"625","cusieniestayed",1
"628","cute",1
"630","cynical",1
"633","dark",1
"634","daughter",1
"638","debit",1
"643","deckstayed",1
"644","decompress",1
"646","decorate",1
"647","decorated",1
"648","decoration",1
"649","deducted",1
"650","deduction",1
"651","defenitly",1
"654","delano",1
"655","delay",1
"656","deliberately",1
"659","deliver",1
"661","delux",1
"663","demanding",1
"665","denied",1
"666","departure",1
"667","depending",1
"669","der",1
"672","designed",1
"674","desks",1
"677","detail",1
"678","detailed",1
"680","detracts",1
"685","die",1
"686","diffently",1
"687","difference",1
"690","din",1
"691","dine",1
"694","dinning",1
"695","direct",1
"696","directed",1
"699","disapointedstayed",1
"702","disappointedstayed",1
"704","disappointstayed",1
"707","discounting",1
"708","discounts",1
"709","discourageing",1
"710","discover",1
"711","discovered",1
"712","discretionary",1
"713","discrimination",1
"714","disorder",1
"715","disorganized",1
"716","display",1
"717","dissatisfaction",1
"719","district",1
"720","disturb",1
"721","disturbingstayed",1
"722","diverse",1
"726","dog",1
"729","dome",1
"732","doona",1
"734","doors",1
"735","doorsstayed",1
"736","doorstayed",1
"738","doubles",1
"740","dove",1
"742","downgrade",1
"743","downside",1
"745","downtown",1
"746","dreamstayed",1
"747","dress",1
"748","dressing",1
"749","drilling",1
"752","drinksfor",1
"753","drinkss",1
"754","drinksstayed",1
"755","driven",1
"756","drop",1
"758","drops",1
"759","dry",1
"761","drying",1
"763","duna",1
"768","earliest",1
"770","earlythe",1
"771","ease",1
"772","easily",1
"777","eats",1
"778","eatstayed",1
"782","efficientlystayed",1
"783","efficientrooftop",1
"784","effort",1
"787","electric",1
"788","electronic",1
"789","elegant",1
"790","elements",1
"791","elephant",1
"795","elitestayed",1
"797","elsestayed",1
"799","emailed",1
"800","emirates",1
"801","employees",1
"802","empty",1
"804","endas",1
"805","ended",1
"806","ending",1
"807","endless",1
"808","endlessstayed",1
"809","energy",1
"810","engineer",1
"811","engineering",1
"817","enoughstayed",1
"818","enter",1
"819","entered",1
"820","enterno",1
"823","entrance",1
"825","environment",1
"826","epitome",1
"827","equal",1
"828","equiped",1
"831","error",1
"834","espresso",1
"836","est",1
"837","establishment",1
"838","estayed",1
"840","etcstayed",1
"841","etcthe",1
"842","etcwonderful",1
"849","everest",1
"850","everithing",1
"855","everythings",1
"857","everythingthe",1
"858","everytime",1
"860","everywherestayed",1
"861","exactly",1
"862","exceed",1
"864","excellence",1
"869","exceptions",1
"870","excessive",1
"871","excesss",1
"872","exchange",1
"874","excluded",1
"876","executive",1
"877","exhilaration",1
"878","exit",1
"879","exnespresso",1
"880","exorbitant",1
"882","expectation",1
"886","expecting",1
"888","expensiveand",1
"889","expensivebut",1
"890","expensivecheck",1
"891","expensivestayed",1
"892","expensivewe",1
"893","experiancestayed",1
"894","experien",1
"897","experiences",1
"899","experiencing",1
"900","expired",1
"901","explained",1
"904","extended",1
"906","exterior",1
"907","external",1
"908","extortionate",1
"910","extraordinarystayed",1
"911","extrem",1
"913","eye",1
"914","eyes",1
"919","fabulousthe",1
"920","facade",1
"922","faces",1
"923","facilites",1
"924","facilitieastayed",1
"931","factory",1
"932","fago",1
"933","fairly",1
"934","fall",1
"935","fame",1
"941","fashion",1
"943","faster",1
"944","fastest",1
"945","faststayed",1
"947","favor",1
"949","featured",1
"951","feedback",1
"953","feeling",1
"956","fell",1
"960","fibreglass",1
"962","filtered",1
"963","finale",1
"964","finally",1
"967","finely",1
"968","finest",1
"969","fir",1
"970","firm",1
"974","fix",1
"975","flavors",1
"980","fluffy",1
"981","flush",1
"982","flushingstayed",1
"983","fold",1
"984","folding",1
"988","foodstaffpricefacilities",1
"990","foodvery",1
"991","football",1
"994","forget",1
"995","forgetting",1
"996","forgot",1
"997","forgotten",1
"998","form",1
"999","formed",1
"1000","forstayed",1
"1001","forth",1
"1003","founded",1
"1005","fourth",1
"1009","freshen",1
"1014","frizzing",1
"1019","fullest",1
"1021","fun",1
"1022","fung",1
"1023","funny",1
"1026","gain",1
"1027","gamble",1
"1030","gardensskyline",1
"1032","gardrensstayed",1
"1034","gel",1
"1035","gels",1
"1036","gen",1
"1038","generous",1
"1039","genius",1
"1040","genuinely",1
"1042","gethotel",1
"1044","giant",1
"1045","gift",1
"1047","gist",1
"1052","gluten",1
"1056","gold",1
"1060","goodthe",1
"1063","gostayed",1
"1066","gown",1
"1067","gr",1
"1069","gratefulness",1
"1072","greatest",1
"1073","greatroom",1
"1075","green",1
"1076","greeted",1
"1077","greeting",1
"1078","greetings",1
"1080","group",1
"1081","growded",1
"1082","guess",1
"1085","guestse",1
"1086","gueststayed",1
"1087","guided",1
"1088","guiding",1
"1091","ha",1
"1094","halal",1
"1098","hanging",1
"1099","happily",1
"1101","happystayed",1
"1102","happythank",1
"1105","harbourgreat",1
"1109","hassle",1
"1110","hasslestayed",1
"1111","hate",1
"1117","heads",1
"1119","heard",1
"1120","heart",1
"1121","heat",1
"1123","heavy",1
"1124","held",1
"1129","helpfullbecause",1
"1130","helpfullstayed",1
"1132","helpstayed",1
"1137","hesitate",1
"1138","hi",1
"1146","hiotel",1
"1148","hit",1
"1149","hive",1
"1150","hk",1
"1151","hkd",1
"1152","holder",1
"1154","holes",1
"1155","holiday",1
"1156","home",1
"1160","hooks",1
"1163","hopeless",1
"1164","hoping",1
"1165","hospitable",1
"1169","hotelsstayed",1
"1171","hotelwe",1
"1174","hoursa",1
"1175","hourstayed",1
"1178","hover",1
"1179","hovever",1
"1184","humid",1
"1185","humidity",1
"1186","hundreds",1
"1187","husband",1
"1188","hype",1
"1193","idea",1
"1196","ignored",1
"1197","im",1
"1198","imagine",1
"1199","imagined",1
"1200","immaculate",1
"1202","immenselystayed",1
"1203","immersive",1
"1204","impeccablestayed",1
"1206","impolote",1
"1208","impossible",1
"1209","impresionantesstayed",1
"1210","impressed",1
"1213","improvements",1
"1215","inadequate",1
"1216","inadvertently",1
"1217","inaround",1
"1218","incl",1
"1219","include",1
"1221","includedbreakfast",1
"1222","includedroom",1
"1223","includes",1
"1225","inconvenient",1
"1226","incorrect",1
"1228","incredibleafter",1
"1231","increiblestayed",1
"1233","indulge",1
"1234","infant",1
"1236","infinitti",1
"1239","inform",1
"1241","informative",1
"1242","infra",1
"1243","infrustructurestayed",1
"1245","initially",1
"1246","injection",1
"1247","inland",1
"1250","insisted",1
"1251","inspiring",1
"1254","insulting",1
"1255","insurance",1
"1256","intensestayed",1
"1258","interim",1
"1260","interiour",1
"1262","internationalized",1
"1264","inthe",1
"1265","intimate",1
"1267","invest",1
"1268","invoice",1
"1269","iphone",1
"1270","iron",1
"1271","ironed",1
"1272","irritating",1
"1273","irritatingly",1
"1277","issue",1
"1278","issues",1
"1280","itall",1
"1281","item",1
"1282","itemsstayed",1
"1286","ittttstayed",1
"1287","ive",1
"1288","iys",1
"1291","jacuzzis",1
"1292","jacuzzistayed",1
"1294","japanese",1
"1295","jeevan",1
"1296","jingstayed",1
"1298","joined",1
"1300","joy",1
"1301","jstayed",1
"1302","judith",1
"1303","juice",1
"1304","juices",1
"1305","jumped",1
"1306","jungle",1
"1308","justified",1
"1310","kakerlake",1
"1311","keep",1
"1312","ketchup",1
"1319","kindly",1
"1320","kindstayed",1
"1322","kit",1
"1324","knew",1
"1325","knocked",1
"1327","knowledgable",1
"1328","knowledge",1
"1333","lacking",1
"1334","lacks",1
"1335","laege",1
"1336","lage",1
"1337","lap",1
"1339","larger",1
"1340","largest",1
"1341","las",1
"1342","laser",1
"1346","laundry",1
"1347","lavisha",1
"1348","layover",1
"1349","lead",1
"1354","lefts",1
"1355","legedary",1
"1356","length",1
"1357","lent",1
"1358","lesia",1
"1361","lets",1
"1363","levels",1
"1364","levelstayed",1
"1369","lifetimestayed",1
"1372","liftsstayed",1
"1376","lightsstayed",1
"1378","likeable",1
"1380","likely",1
"1381","likes",1
"1382","limitation",1
"1385","linens",1
"1387","link",1
"1389","liok",1
"1392","literally",1
"1393","litstayed",1
"1396","lively",1
"1398","living",1
"1400","loads",1
"1403","locals",1
"1412","longerbut",1
"1413","longit",1
"1416","looking",1
"1418","loose",1
"1423","loungers",1
"1424","lounges",1
"1429","lower",1
"1430","lowest",1
"1432","luggages",1
"1433","lui",1
"1434","lumpy",1
"1438","luxurystayed",1
"1439","lve",1
"1443","machines",1
"1444","machinestayed",1
"1446","madestayed",1
"1448","magical",1
"1451","mainly",1
"1452","major",1
"1456","malfunction",1
"1458","mallinfinity",1
"1459","malls",1
"1461","man",1
"1464","manager",1
"1465","managers",1
"1468","marinastayed",1
"1470","marvelling",1
"1472","massage",1
"1474","masterpiece",1
"1477","matter",1
"1478","mattress",1
"1479","mattresses",1
"1482","maybestayed",1
"1484","mbsinteriors",1
"1489","mecah",1
"1490","mediate",1
"1491","mediocre",1
"1492","meeting",1
"1495","memberstayed",1
"1496","memorable",1
"1497","memorystayed",1
"1498","men",1
"1499","menitoned",1
"1503","mesmerizing",1
"1504","mess",1
"1508","miami",1
"1509","mid",1
"1510","midday",1
"1511","middaybut",1
"1513","midnight",1
"1515","milan",1
"1517","min",1
"1519","mindblowing",1
"1522","minimalistic",1
"1523","minimum",1
"1524","minor",1
"1528","miraclestayed",1
"1529","mirror",1
"1530","miscommunication",1
"1533","missing",1
"1534","mistreated",1
"1535","ml",1
"1536","mn",1
"1537","mobile",1
"1538","mocktail",1
"1540","modernroom",1
"1541","moisturiser",1
"1542","moldy",1
"1545","moneystayed",1
"1546","monstrous",1
"1547","mood",1
"1548","moon",1
"1552","mornings",1
"1555","mount",1
"1556","mouthwash",1
"1557","move",1
"1559","moving",1
"1560","mozza",1
"1561","mr",1
"1564","muchstayed",1
"1565","multi",1
"1567","mum",1
"1568","music",1
"1569","muslim",1
"1571","mustard",1
"1574","na",1
"1575","nada",1
"1577","napkins",1
"1578","nation",1
"1579","nature",1
"1580","navigate",1
"1581","navigation",1
"1585","nearly",1
"1586","neat",1
"1587","neatstayed",1
"1588","necessity",1
"1589","neck",1
"1594","negatives",1
"1595","neglected",1
"1596","networkstayed",1
"1599","newcomers",1
"1602","nicer",1
"1605","nightclub",1
"1606","nightly",1
"1610","nilstayed",1
"1611","nirmal",1
"1612","nisa",1
"1615","noice",1
"1625","notchedthe",1
"1626","note",1
"1628","nothingstayed",1
"1629","nothingt",1
"1630","noticed",1
"1633","now",1
"1636","numbers",1
"1638","obligatory",1
"1639","obliging",1
"1643","occasions",1
"1644","occupied",1
"1645","occur",1
"1646","ocean",1
"1648","ocupated",1
"1655","officer",1
"1656","official",1
"1659","ohh",1
"1661","okay",1
"1662","okstayed",1
"1666","oncestayed",1
"1668","ones",1
"1669","onestayed",1
"1673","onsite",1
"1674","onthankfully",1
"1675","onthe",1
"1679","operated",1
"1681","opinionstayed",1
"1682","opportunity",1
"1684","ops",1
"1685","opt",1
"1686","option",1
"1687","optional",1
"1689","opulence",1
"1690","opulent",1
"1692","orchard",1
"1695","ordered",1
"1696","organised",1
"1697","organising",1
"1698","organized",1
"1699","original",1
"1700","oro",1
"1701","osteria",1
"1704","othersstayed",1
"1708","outdated",1
"1709","outdoors",1
"1712","outsidestayed",1
"1714","outstandingstayed",1
"1716","outweighed",1
"1722","overrated",1
"1723","overratedstayed",1
"1724","overuse",1
"1725","overvalued",1
"1729","pack",1
"1730","package",1
"1731","packagewe",1
"1732","padang",1
"1734","pain",1
"1735","palace",1
"1736","palacestayed",1
"1737","pampering",1
"1739","paper",1
"1740","par",1
"1741","paradise",1
"1742","parasols",1
"1743","paris",1
"1752","passing",1
"1754","pastry",1
"1755","path",1
"1762","percent",1
"1763","perched",1
"1768","perk",1
"1772","personalised",1
"1773","personalized",1
"1775","personnel",1
"1776","petals",1
"1777","petty",1
"1779","philippines",1
"1782","photographer",1
"1785","picked",1
"1786","picture",1
"1788","piece",1
"1789","pieces",1
"1793","piscina",1
"1794","piscinastayed",1
"1796","placed",1
"1798","placestayed",1
"1802","plants",1
"1803","plastic",1
"1804","plate",1
"1805","plates",1
"1806","plcesstayed",1
"1808","pleasantly",1
"1809","pleasantstayed",1
"1812","pleasing",1
"1814","plentiful",1
"1816","plug",1
"1818","plusroom",1
"1820","pmwhich",1
"1821","poilstayed",1
"1823","pointsstayed",1
"1824","pointstayed",1
"1830","poolaccess",1
"1831","poolfoodstaffstayed",1
"1832","pools",1
"1835","poolthe",1
"1836","poolvery",1
"1839","porter",1
"1840","ports",1
"1841","pose",1
"1842","posh",1
"1843","posing",1
"1845","positives",1
"1847","possiblestayed",1
"1848","powder",1
"1850","practicalprefer",1
"1851","pram",1
"1853","precinct",1
"1854","prefer",1
"1857","premimar",1
"1858","premises",1
"1859","premisesstayed",1
"1861","prepare",1
"1862","prepared",1
"1863","prepayment",1
"1865","presented",1
"1866","pressure",1
"1867","pressured",1
"1869","prevent",1
"1870","previous",1
"1871","previously",1
"1874","pricedstayed",1
"1877","pricethe",1
"1882","print",1
"1884","private",1
"1887","problems",1
"1888","procedure",1
"1890","production",1
"1891","products",1
"1893","program",1
"1894","prohibitive",1
"1895","promenade",1
"1896","promised",1
"1897","prompted",1
"1898","promptly",1
"1899","proof",1
"1900","proper",1
"1902","properties",1
"1905","propertythey",1
"1908","providedwith",1
"1909","providef",1
"1914","publicized",1
"1915","published",1
"1916","pulse",1
"1917","pure",1
"1918","pushiness",1
"1919","pushing",1
"1923","quantity",1
"1924","quartiers",1
"1925","queen",1
"1926","queens",1
"1927","question",1
"1929","queued",1
"1931","queuesthe",1
"1934","quicker",1
"1936","quickstayed",1
"1937","quiet",1
"1939","quoted",1
"1940","rain",1
"1941","rainfall",1
"1943","ramsay",1
"1944","ramsey",1
"1945","rare",1
"1946","rarher",1
"1948","rates",1
"1950","rating",1
"1951","razor",1
"1954","reached",1
"1955","read",1
"1959","realize",1
"1961","realy",1
"1963","reasonable",1
"1964","reasonably",1
"1965","receiption",1
"1966","receive",1
"1967","received",1
"1968","receivesome",1
"1971","receptiononly",1
"1972","recipe",1
"1974","recommended",1
"1975","recommending",1
"1978","red",1
"1981","refreshing",1
"1983","refused",1
"1985","regularly",1
"1986","regularlythe",1
"1987","regulate",1
"1990","relaxvery",1
"1992","remark",1
"1993","remember",1
"1994","reminded",1
"1996","renovation",1
"1997","renovations",1
"1998","rented",1
"1999","repeat",1
"2000","reputation",1
"2003","respect",1
"2004","responsibility",1
"2006","restauranrs",1
"2009","restaurantsshould",1
"2011","restaurantstayed",1
"2012","restaurantswimming",1
"2013","restorants",1
"2014","result",1
"2017","returnedstayed",1
"2018","returnstayed",1
"2019","reviews",1
"2020","reward",1
"2021","rewards",1
"2022","rice",1
"2024","ridiculously",1
"2026","ripoff",1
"2027","ripped",1
"2029","risk",1
"2030","ritchie",1
"2032","roam",1
"2033","roberto",1
"2037","rolled",1
"2038","romantic",1
"2039","rome",1
"2042","rooftopstayed",1
"2045","roomsize",1
"2046","roomsstayed",1
"2048","roomthe",1
"2049","roomwhen",1
"2050","rose",1
"2051","roughing",1
"2053","row",1
"2054","royalty",1
"2055","rs",1
"2057","rudecheck",1
"2058","rudeness",1
"2059","ruin",1
"2061","running",1
"2064","salad",1
"2065","salesman",1
"2068","sandals",1
"2070","santosa",1
"2072","satay",1
"2073","sauc",1
"2074","sauna",1
"2077","saying",1
"2078","scale",1
"2079","scalestayed",1
"2080","scared",1
"2081","scenery",1
"2082","scenerystayed",1
"2083","science",1
"2084","scraps",1
"2085","screen",1
"2086","scrimp",1
"2087","sculptural",1
"2088","sculpture",1
"2091","seamlessly",1
"2093","seasons",1
"2096","seats",1
"2098","seconds",1
"2100","secure",1
"2109","self",1
"2112","sell",1
"2113","selling",1
"2115","sensational",1
"2116","sense",1
"2118","separ",1
"2120","separated",1
"2121","separately",1
"2128","serviceit",1
"2132","servicethe",1
"2134","setting",1
"2135","setup",1
"2138","sewage",1
"2140","sgstayed",1
"2141","shabby",1
"2143","shared",1
"2145","sheet",1
"2146","sheets",1
"2147","shellfish",1
"2148","shelving",1
"2151","shoping",1
"2153","shoppesstayed",1
"2155","shoppings",1
"2158","shortage",1
"2160","shouldn",1
"2164","showerwe",1
"2165","shown",1
"2167","showsstayed",1
"2168","showstayed",1
"2169","shut",1
"2170","shuttle",1
"2171","sick",1
"2173","sides",1
"2174","sigarette",1
"2175","sigarettes",1
"2178","sign",1
"2179","significant",1
"2180","signs",1
"2181","similar",1
"2186","singaporean",1
"2187","singaporeans",1
"2189","singh",1
"2191","singpore",1
"2193","sister",1
"2195","sitestayed",1
"2196","sitting",1
"2201","skimp",1
"2202","skip",1
"2204","skydeck",1
"2206","skylinestayed",1
"2208","skyparkstayed",1
"2209","skyscrapersstayed",1
"2210","skyview",1
"2212","slept",1
"2214","slings",1
"2216","slippery",1
"2218","slowshopping",1
"2221","smallerstayed",1
"2223","smells",1
"2225","smile",1
"2226","smiling",1
"2227","smoke",1
"2229","snacksstayed",1
"2233","softer",1
"2234","solely",1
"2235","solution",1
"2237","somebodys",1
"2239","someones",1
"2244","son",1
"2247","sophone",1
"2248","sorry",1
"2250","sound",1
"2251","sounds",1
"2255","spaciousstayed",1
"2256","spaciousthe",1
"2258","spagos",1
"2260","spas",1
"2263","specially",1
"2264","specialwe",1
"2266","spectacularstayed",1
"2271","spite",1
"2272","splendid",1
"2273","spoiling",1
"2274","spoilt",1
"2275","sports",1
"2277","spotless",1
"2278","spots",1
"2279","spotted",1
"2285","stage",1
"2286","stain",1
"2288","stalls",1
"2289","stand",1
"2291","standards",1
"2292","standardstayed",1
"2297","starting",1
"2299","state",1
"2302","stationstayed",1
"2305","stayedbook",1
"2307","stays",1
"2308","staythe",1
"2309","staywe",1
"2310","steak",1
"2311","steal",1
"2312","steamed",1
"2313","steep",1
"2315","stick",1
"2317","stocked",1
"2318","stood",1
"2320","stopping",1
"2321","stops",1
"2322","storage",1
"2323","storeys",1
"2324","story",1
"2326","straits",1
"2327","stranded",1
"2328","strange",1
"2330","strictly",1
"2331","strips",1
"2332","stroller",1
"2333","strong",1
"2334","structural",1
"2336","structured",1
"2337","struggled",1
"2340","style",1
"2341","subway",1
"2342","subwaystayed",1
"2344","sudden",1
"2345","suffers",1
"2347","suggested",1
"2348","suit",1
"2349","suitable",1
"2350","suitcase",1
"2354","sunbed",1
"2356","sunbedstayed",1
"2357","sunchairsfood",1
"2358","sunday",1
"2359","sunlounges",1
"2360","sunny",1
"2361","sunrise",1
"2365","superbstayed",1
"2366","superior",1
"2369","suppose",1
"2370","supposed",1
"2372","surprise",1
"2374","surprises",1
"2375","surprisestayed",1
"2376","surprising",1
"2377","surrounding",1
"2378","surroundingse",1
"2379","swab",1
"2380","sweeping",1
"2383","swiming",1
"2385","swimmingpool",1
"2386","swimmng",1
"2388","switched",1
"2389","synergy",1
"2390","syrup",1
"2391","system",1
"2394","tablesstayed",1
"2396","tagged",1
"2397","tai",1
"2402","talking",1
"2404","tarnish",1
"2406","tastes",1
"2411","taxicouldn",1
"2414","teastayed",1
"2415","teathe",1
"2416","tech",1
"2417","technic",1
"2418","television",1
"2420","tells",1
"2422","tempting",1
"2423","tends",1
"2424","terminal",1
"2425","terms",1
"2428","terribly",1
"2429","terrific",1
"2430","text",1
"2435","thankyou",1
"2437","thatwas",1
"2439","thecetaff",1
"2442","theme",1
"2450","theythoroughly",1
"2454","thingstayed",1
"2457","thisor",1
"2466","thumbs",1
"2468","tick",1
"2470","til",1
"2471","tiled",1
"2472","tiles",1
"2474","timeor",1
"2478","tips",1
"2479","tired",1
"2480","tne",1
"2485","toiletriesstayed",1
"2486","toilets",1
"2488","tons",1
"2490","tooas",1
"2492","tooth",1
"2493","toothbrushes",1
"2499","touches",1
"2501","tourism",1
"2503","touristicstayed",1
"2505","touristy",1
"2511","townstayed",1
"2512","trafic",1
"2514","transfer",1
"2515","transit",1
"2516","transparency",1
"2518","transportaionstayed",1
"2519","traveling",1
"2520","travelling",1
"2526","trippers",1
"2527","trouble",1
"2528","trudge",1
"2529","true",1
"2530","trully",1
"2532","try",1
"2534","tstayed",1
"2536","tubs",1
"2538","tuesday",1
"2539","turn",1
"2540","turns",1
"2542","twb",1
"2548","uae",1
"2549","uber",1
"2553","unbelievablestayed",1
"2554","unborthered",1
"2556","uncomfortableno",1
"2557","uncontrollable",1
"2561","understaffed",1
"2563","understandable",1
"2564","understandably",1
"2565","undertrained",1
"2566","undestandable",1
"2567","unexpected",1
"2568","unforgetable",1
"2569","unforgettable",1
"2570","unfortunately",1
"2572","unimportant",1
"2575","unlikely",1
"2576","unmatched",1
"2577","unnecessarily",1
"2578","unpleasant",1
"2579","unpolite",1
"2580","unreal",1
"2581","unsurprisingly",1
"2582","unter",1
"2585","update",1
"2586","updates",1
"2589","upgradestayed",1
"2591","upper",1
"2593","upset",1
"2594","upth",1
"2595","upwards",1
"2598","usdnot",1
"2601","useful",1
"2602","userslobby",1
"2605","uswhen",1
"2607","vacationing",1
"2609","valuable",1
"2611","valuestaffs",1
"2612","van",1
"2613","vanishing",1
"2618","vegan",1
"2620","vegetables",1
"2621","vegetarians",1
"2622","vehicles",1
"2623","ventilation",1
"2624","venue",1
"2625","venues",1
"2626","versed",1
"2628","vheckout",1
"2632","vibelocation",1
"2635","viewhelpfull",1
"2636","viewi",1
"2637","viewpoint",1
"2641","villagestayed",1
"2642","vip",1
"2646","visitstayed",1
"2647","viw",1
"2648","voluminous",1
"2650","waffles",1
"2652","waited",1
"2655","waldorf",1
"2659","walkway",1
"2660","wan",1
"2664","wants",1
"2665","wardrobe",1
"2666","ware",1
"2667","warm",1
"2668","warmer",1
"2669","warned",1
"2671","washed",1
"2673","wasnt",1
"2674","waste",1
"2675","watch",1
"2676","watchingstayed",1
"2678","watered",1
"2679","waterfront",1
"2680","wateringly",1
"2681","waterstayed",1
"2683","ways",1
"2685","weak",1
"2686","wealth",1
"2688","wears",1
"2689","weary",1
"2690","weather",1
"2691","website",1
"2693","wednesday",1
"2694","weekend",1
"2695","weeks",1
"2698","welcomy",1
"2701","wellwe",1
"2704","weren",1
"2706","wetting",1
"2721","willing",1
"2724","windowstayed",1
"2727","winston",1
"2732","withthe",1
"2733","woke",1
"2734","women",1
"2736","wonder",1
"2738","wonderfulstayed",1
"2739","wont",1
"2740","woooo",1
"2742","words",1
"2744","worked",1
"2748","worlds",1
"2750","worried",1
"2751","worse",1
"2755","worthy",1
"2758","wow",1
"2759","wowa",1
"2760","wowstayed",1
"2761","wrinkly",1
"2763","xxstayed",1
"2765","yeah",1
"2769","yhe",1
"2770","york",1
"2772","youave",1
"2773","young",1
"2774","youno",1
"2777","youview",1
"2778","yummy",1
"2779","zealand",1
"2780","zerostayed",1
"2781","zhen",1
